Workbook
Name ACTION: #REF!

Sheet Cover
C2: TEST CASE
B4: Project Name | C4: Kiểm thử website quản lý thuê nhà trọ | F4: Creator
B5: Project Code | C5: Nhóm 14 | F5: Reviewer/Approver
B6: Document Code | C6: =C5&"_"&"XXX"&"_"&"vx.x" -> Nhóm 14_XXX_vx.x | F6: Issue Date
F7: Version
B10: Record of change
B11: Effective Date | C11: Version | D11: Change Item | E11: *A,D,M | F11: Change description | G11: Reference
B12: <Date when these changes are effective> | G12: <List of documents which are referred in this version.>

Sheet Test case List
B1: TEST CASE LIST
B3: Project Name | E3: =Cover!C4 -> Kiểm thử website quản lý thuê nhà trọ
B4: Project Code | E4: =Cover!C5 -> Nhóm 14
B5: Test Environment Setup Description | E5: 1. Server 2. Database 3. Web Browser
B7: No | C7: Requirement Name | D7: Function Name | E7: Sheet Name | F7: Description | G7: Pre-Condition
B8: 1 | C8: Nguyễn Trí Dũng | D8: F_them_tin | E8: M_them_tin
B9: 2 | C9: Nguyễn Trí Dũng | D9: F_them_thanh_pho | E9: M_them_thanh_pho | F9: x
B10: 3 | C10: Nguyễn Trung Chính | D10: F_dang_ky | E10: M_dang_ky | F10: x
B11: 4 | C11: Nguyễn Trung Chính | D11: F_dang_nhap | E11: M_dang_nhap | F11: x
B12: 5 | C12: Trần Văn Nam | D12: F_them_dich_vu | E12: M_them_dich_vu | F12: x
B13: 6 | C13: Trần Văn Nam | D13: F_sua_dich_vu | E13: M_sua_dich_vu | F13: x
B14: 7 | C14: Vũ Văn Phong | D14: F_them_quan_huyen | E14: M_them_quan_huyen | F14: x
B15: 8 | C15: Vũ Văn Phong | D15: F_cap_nhat_thong_tin | E15: M_cap_nhat_thong_tin | F15: x
B16: 9 | C16: Nguyễn Văn Duy | D16: F_them_danh_muc | E16: M_them_danh_muc | F16: x
B17: 10 | C17: Nguyễn Văn Duy | D17: F_sua_danh_muc | E17: M_sua_danh_muc

Sheet M_dang_nhap
A2: Module Code | B2: M_dang_nhap | J2: Pass
A3: Test requirement | B3: Kiểm thử chức năng đăng nhập | J3: Fail
A4: Tester | B4: Nguyễn Trung Chính
A5: Pass | B5: Fail | C5: Untested | D5: N/A | E5: Number of Test cases | J5: Untesed
A6: =COUNTIF(F10:G868,"Pass") -> 6 | B6: =COUNTIF(F10:G868,"Fail") -> 1 | C6: =E6-D6-B6-A6 -> 0 | D6: =COUNTIF(F$9:F$868,"N/A") -> 0 | E6: =COUNTA(A9:A868) -> 7 | J6: N/A
A8: ID | B8: Test Case Description | C8: Pre-condition | D8: Test Steps | E8: Expected Output | F8: Post-condtion | G8: Result | H8: Test date | I8: Note
B9: Check validation
A10: =IF(OR(B10<>"",E10<>""),"["&TEXT($B$2,"##")&"-"&TEXT(ROW()-9,"##")&"]","") -> [M_dang_nhap-1] | B10: Không nhập email | D10: 1. Nhập thông tin: - Email: bỏ trống - Password: Nhập giá trị hợp lệ 2. Click button Login | E10: 2. Hệ thống hiển thị thông báo lỗi: "Email không được để trống" | G10: Fail | H10: 45992
A11: =IF(OR(B11<>"",E11<>""),"["&TEXT($B$2,"##")&"-"&TEXT(ROW()-9,"##")&"]","") -> [M_dang_nhap-2] | B11: Không nhập mật khẩu | D11: 1. Nhập thông tin: - Email: anh@gmail.com - Password: bỏ trống 2. Click button Login | E11: 2. Hệ thống hiển thị thông báo lỗi: "Mật khẩu không được để trống.". | G11: Pass | H11: 45992
B12: Check Business
A13: =IF(OR(B13<>"",E13<>""),"["&TEXT($B$2,"##")&"-"&TEXT(ROW()-10,"##")&"]","") -> [M_dang_nhap-3] | B13: Kiểm tra login khi nhập đúng thông tin tài khoản | C13: Hệ thống tồn tại account: username: chinhapiit@gmail.com pass: 123456 | D13: 1. Nhập thông tin: - Email: chinhapiit@gmail.com - Password: 123456 2. Click button Login | E13: 2. Login vào hệ thống thành công | G13: Pass | H13: 45992
A14: =IF(OR(B14<>"",E14<>""),"["&TEXT($B$2,"##")&"-"&TEXT(ROW()-10,"##")&"]","") -> [M_dang_nhap-4] | B14: Kiểm tra login khi nhập Email không tồn tại trong hệ thống | C14: Hệ thống không tồn tại account: username: chinhapiit1@gmail.com pass: 123456 | D14: 1. Nhập thông tin: - Email: chinhapiit1@gmail.com - Password: 123456 2. Click button Login | E14: 2. Hệ thống hiển thị thông báo lỗi: "Sai tên đăng nhập hoặc mật khẩu.". | G14: Pass | H14: 45992
A15: =IF(OR(B15<>"",E15<>""),"["&TEXT($B$2,"##")&"-"&TEXT(ROW()-10,"##")&"]","") -> [M_dang_nhap-5] | B15: Kiểm tra login khi nhập Mật khẩu không đúng | C15: Hệ thống tồn tại account: username: chinhapiit@gmail.com pass: 123456 | D15: 1. Nhập thông tin: - Email: chinhapiit@gmail.com - Password: 1234567 2. Click button Login | E15: 2. Hệ thống hiển thị thông báo lỗi: "Sai tên đăng nhập hoặc mật khẩu.". | G15: Pass | H15: 45992
A16: =IF(OR(B16<>"",E16<>""),"["&TEXT($B$2,"##")&"-"&TEXT(ROW()-10,"##")&"]","") -> [M_dang_nhap-6] | B16: Kiểm tra login khi nhập Mật khẩu không đúng | C16: Hệ thống tồn tại account: username: chinhapiitt@gmail.com pass: 123456 | D16: 1. Nhập thông tin: - Email: chinhapiitt@gmail.com - Password: 1234567 2. Click button Login | E16: 2. Hệ thống hiển thị thông báo lỗi: "Sai tên đăng nhập hoặc mật khẩu.". | G16: Pass | H16: 45992
A17: =IF(OR(B17<>"",E17<>""),"["&TEXT($B$2,"##")&"-"&TEXT(ROW()-10,"##")&"]","") -> [M_dang_nhap-7] | B17: Kiểm tra login khi nhập Mật khẩu không đúng | C17: Hệ thống tồn tại account: username: achinhapiit@gmail.com pass: 123456 | D17: 1. Nhập thông tin: - Email: achinhapiit@gmail.com - Password: 1234567 2. Click button Login | E17: 2. Hệ thống hiển thị thông báo lỗi: "Sai tên đăng nhập hoặc mật khẩu.". | G17: Pass | H17: 45992

Sheet M_dang_ky
A2: Module Code | B2: M_dang_ky
A3: Test requirement | B3: Kiểm thử chức năng đăng ký
A4: Tester | B4: Nguyễn Trung Chính
A5: Pass | B5: Fail | C5: Untested | D5: N/A | E5: Number of Test cases
A6: =COUNTIF(F10:G866,"Pass") -> 5 | B6: =COUNTIF(F10:G866,"Fail") -> 0 | C6: =E6-D6-B6-A6 -> 0 | D6: =COUNTIF(F$9:F$866,"N/A") -> 0 | E6: =COUNTA(A9:A866) -> 5
A8: ID | B8: Test Case Description | C8: Pre-condition | D8: Test Steps | E8: Expected Output | F8: Post-condtion | G8: Result | H8: Test date | I8: Note
B9: Check validation
A10: =IF(OR(B10<>"",E10<>""),"["&TEXT($B$2,"##")&"-"&TEXT(ROW()-9,"##")&"]","") -> [M_dang_ky-1] | B10: Không nhập email | D10: 1. Nhập thông tin: - Email: bỏ trống - Phone : Nhập số điện thoại hợp lệ - Fullname: Nguyễn Trung Chính - Password: Nhập giá trị hợp lệ 2. Click button Register | E10: 2. Hệ thống hiển thị thông báo lỗi: "Email không được để trống" | G10: Pass | H10: 45992
A11: =IF(OR(B11<>"",E11<>""),"["&TEXT($B$2,"##")&"-"&TEXT(ROW()-9,"##")&"]","") -> [M_dang_ky-2] | B11: Email sai định dạng | D11: 1 . Nhập thông tin - Email : adc123 - Phone : số điện thoại hợp lệ - Fullname: Nguyễn Trung Chính - Password : mật khẩu hợp lệ 2 . Click button register | E11: 2. Hệ thống hiển thị thông báo lỗi: "Email không đúng định dạng.". | G11: Pass | H11: 45992
B12: Check Business
A13: =IF(OR(B13<>"",E13<>""),"["&TEXT($B$2,"##")&"-"&TEXT(ROW()-10,"##")&"]","") -> [M_dang_ky-3] | B13: Kiểm tra đăng ký với Email đã tồn tại | C13: Hệ thống đã có tài khoản với Email: test@gmail.com | D13: 1 . Nhập thông tin đăng ký: - Email: test@gmail.com (đã tồn tại) - Fullname: Nguyễn Trung Chính - Phone: 0388674883 - Password: Abc123 2 . Click button Register | E13: 2. Email đã được sử dụng | G13: Pass | H13: 45992
A14: =IF(OR(B14<>"",E14<>""),"["&TEXT($B$2,"##")&"-"&TEXT(ROW()-10,"##")&"]","") -> [M_dang_ky-4] | B14: Đăng ký với số điện thoại đã tồn tại | C14: Hệ thống đã có số điện thoại 0388674881 | D14: 1. Nhập thông tin: - Email: Email hợp lệ - Password: Mật khẩu hợp lệ - Fullname: Nguyễn Trung Chính - Phone : 0388674883 2. Click button Register | E14: Số điện thoại đã được sử dụng | G14: Pass | H14: 45992
A15: =IF(OR(B15<>"",E15<>""),"["&TEXT($B$2,"##")&"-"&TEXT(ROW()-10,"##")&"]","") -> [M_dang_ky-5] | B15: Đăng ký thành công | C15: Email & Phone chưa tồn tại | D15: 1. Nhập thông tin: - Email: test@gmail.com - Phone: 0388674881 - Fullname: Nguyễn Trung Chính - Password : Chinh131016@ 2. Click button Register | E15: Đăng ký thành công / chuyển màn hình Login | G15: Pass | H15: 45992

Sheet M_them_tin
A2: Module Code | B2: M_Them_tin | J2: Pass
A3: Test requirement | B3: Kiểm thử chức năng thêm tin đăng phòng trọ mới | J3: Fail
A4: Tester | B4: Nguyễn Trí Dũng
A5: Pass | B5: Fail | C5: Untested | D5: N/A | E5: Number of Test cases | J5: Untesed
A6: =COUNTIF(F10:G868,"Pass") -> 7 | B6: =COUNTIF(F10:G868,"Fail") -> 0 | C6: =E6-D6-B6-A6 -> 0 | D6: =COUNTIF(F$9:F$868,"N/A") -> 0 | E6: =COUNTA(A9:A868) -> 7 | J6: N/A
A8: ID | B8: Test Case Description | C8: Pre-condition | D8: Test Steps | E8: Expected Output | F8: Post-condtion | G8: Result | H8: Test date | I8: Note
B9: Check validation
A10: =IF(OR(B10<>"",E10<>""),"["&TEXT($B$2,"##")&"-"&TEXT(ROW()-9,"##")&"]","") -> [M_Them_tin-1] | B10: Không nhập tiêu đề | C10: Đã đăng nhập | D10: 1. Để trống trường tiêu đề 2. Nhập các trường khác đầy đủ 3. Click "Đăng tin" | E10: Hiển thị thông báo: "Tiêu đề quá ngắn, vui lòng nhập ít nhất 10 ký tự!" | G10: Pass | H10: 45992
A11: =IF(OR(B11<>"",E11<>""),"["&TEXT($B$2,"##")&"-"&TEXT(ROW()-9,"##")&"]","") -> [M_Them_tin-2] | B11: Không nhập giá thuê | C11: Đã đăng nhập | D11: 1. Để trống trường giá thuê 2. Nhập các trường khác đầy đủ 3. Click "Đăng tin" | E11: Hiển thị thông báo: "Vui lòng nhập đầy đủ thông tin bắt buộc!" | G11: Pass | H11: 45992
B12: Check Business
A13: =IF(OR(B13<>"",E13<>""),"["&TEXT($B$2,"##")&"-"&TEXT(ROW()-10,"##")&"]","") -> [M_Them_tin-3] | B13: Thêm tin thành công với đầy đủ thông tin | C13: Đã đăng nhập, có danh mục, thành phố, quận huyện | D13: 1. Nhập đầy đủ thông tin hợp lệ 2. Upload ảnh đại diện 3. Click "Đăng tin" | E13: Hiển thị thông báo: "🎉 Đăng tin thành công! Tin của bạn đang chờ duyệt." | F13: Tin được lưu với status=1 | G13: Pass | H13: 45992
A14: =IF(OR(B14<>"",E14<>""),"["&TEXT($B$2,"##")&"-"&TEXT(ROW()-10,"##")&"]","") -> [M_Them_tin-4] | B14: Upload ảnh không đúng định dạng | C14: Đã đăng nhập | D14: 1. Upload file ảnh có đuôi .gif 2. Nhập đầy đủ thông tin 3. Click "Đăng tin" | E14: Hiển thị thông báo: "Ảnh đại diện chỉ chấp nhận JPG, JPEG, PNG hoặc WEBP!" | G14: Pass | H14: 45992
A15: =IF(OR(B15<>"",E15<>""),"["&TEXT($B$2,"##")&"-"&TEXT(ROW()-10,"##")&"]","") -> [M_Them_tin-5] | B15: Thêm tin không có ảnh đại diện | C15: Đã đăng nhập | D15: 1. Không upload ảnh đại diện 2. Nhập đầy đủ thông tin khác 3. Click "Đăng tin" | E15: Đăng tin thành công, không có ảnh đại diện | F15: Tin được lưu với image="" | G15: Pass | H15: 45992
A16: =IF(OR(B16<>"",E16<>""),"["&TEXT($B$2,"##")&"-"&TEXT(ROW()-10,"##")&"]","") -> [M_Them_tin-6] | B16: Upload nhiều ảnh phụ | C16: Đã đăng nhập | D16: 1. Upload 5 ảnh phụ hợp lệ 2. Nhập đầy đủ thông tin 3. Click "Đăng tin" | E16: Đăng tin thành công, lưu danh sách ảnh | F16: list_image chứa đường dẫn các ảnh | G16: Pass | H16: 45992
A17: =IF(OR(B17<>"",E17<>""),"["&TEXT($B$2,"##")&"-"&TEXT(ROW()-10,"##")&"]","") -> [M_Them_tin-7] | B17: Tin đăng có gói VIP | C17: Đã đăng nhập | D17: 1. Chọn gói VIP=1 2. Nhập đầy đủ thông tin 3. Click "Đăng tin" | E17: Đăng tin thành công với vip=1 | F17: Tin được ưu tiên hiển thị | G17: Pass | H17: 45992

Sheet M_them_thanh_pho
A2: Module Code | B2: M_Them_thanh_pho | J2: Pass
A3: Test requirement | B3: Kiểm thử chức năng thêm tỉnh/thành phố mới vào hệ thống | J3: Fail
A4: Tester | B4: Nguyễn Trung Chính
A5: Pass | B5: Fail | C5: Untested | D5: N/A | E5: Number of Test cases | J5: Untesed
A6: =COUNTIF(F10:G866,"Pass") -> 5 | B6: =COUNTIF(F10:G866,"Fail") -> 0 | C6: =E6-D6-B6-A6 -> 0 | D6: =COUNTIF(F$9:F$866,"N/A") -> 0 | E6: =COUNTA(A9:A866) -> 5 | J6: N/A
A8: ID | B8: Test Case Description | C8: Pre-condition | D8: Test Steps | E8: Expected Output | F8: Post-condtion | G8: Result | H8: Test date | I8: Note
B9: Check validation
A10: =IF(OR(B10<>"",E10<>""),"["&TEXT($B$2,"##")&"-"&TEXT(ROW()-9,"##")&"]","") -> [M_Them_thanh_pho-1] | B10: Không nhập tên thành phố | C10: User có quyền ADMIN | D10: 1. Để trống trường tên thành phố 2. Click "Thêm mới" | E10: Hiển thị thông báo: "Vui lòng nhập tên tỉnh/thành phố" | G10: Pass | H10: 45992
A11: =IF(OR(B11<>"",E11<>""),"["&TEXT($B$2,"##")&"-"&TEXT(ROW()-9,"##")&"]","") -> [M_Them_thanh_pho-2] | B11: Nhập tên thành phố đã tồn tại | C11: Đã có thành phố "Hà Nội" | D11: 1. Nhập tên: "Hà Nội" 2. Click "Thêm mới" | E11: Hiển thị thông báo: "Tỉnh/Thành phố đã tồn tại" | G11: Pass | H11: 45992
B12: Check Business
A13: =IF(OR(B13<>"",E13<>""),"["&TEXT($B$2,"##")&"-"&TEXT(ROW()-10,"##")&"]","") -> [M_Them_thanh_pho-3] | B13: Thêm thành phố mới thành công | C13: User có quyền ADMIN | D13: 1. Nhập tên: "Đà Nẵng" 2. Chọn status: "active" 3. Click "Thêm mới" | E13: Hiển thị thông báo: "Thêm Tỉnh/Thành phố thành công" | F13: Thành phố được lưu vào database | G13: Pass | H13: 45992
A14: =IF(OR(B14<>"",E14<>""),"["&TEXT($B$2,"##")&"-"&TEXT(ROW()-10,"##")&"]","") -> [M_Them_thanh_pho-4] | B14: Kiểm tra slug tự động tạo | C14: User có quyền ADMIN | D14: 1. Nhập tên: "Hồ Chí Minh" 2. Click "Thêm mới" | E14: Tạo slug "ho-chi-minh" tự động | F14: Slug được lưu cùng thành phố | G14: Pass | H14: 45992
A15: =IF(OR(B15<>"",E15<>""),"["&TEXT($B$2,"##")&"-"&TEXT(ROW()-10,"##")&"]","") -> [M_Them_thanh_pho-5] | B15: Thêm thành phố với status inactive | C15: User có quyền ADMIN | D15: 1. Nhập tên: "Cần Thơ" 2. Chọn status: "inactive" 3. Click "Thêm mới" | E15: Thêm thành công với status inactive | F15: Thành phố không hiển thị cho user | G15: Pass | H15: 45992

Sheet M_them_quan_huyen
A2: Module Code | B2: M_them_quan_huyen | J2: Pass
A3: Test requirement | B3: Kiểm thử chức năng thêm quận huyện mới | J3: Fail
A4: Tester | B4: Vũ Văn Phong
A5: Pass | B5: Fail | C5: Untested | D5: N/A | E5: Number of Test cases | J5: Untesed
A6: =COUNTIF(F10:G865,"Pass") -> 1 | B6: =COUNTIF(F10:G865,"Fail") -> 2 | C6: =E6-D6-B6-A6 -> 1 | D6: =COUNTIF(F$9:F$865,"N/A") -> 0 | E6: =COUNTA(A9:A865) -> 4 | J6: N/A
A8: ID | B8: Test Case Description | C8: Pre-condition | D8: Test Steps | E8: Expected Output | F8: Post-condtion | G8: Result | H8: Test date | I8: Note
B9: Check validation
A10: =IF(OR(B10<>"",E10<>""),"["&TEXT($B$2,"##")&"-"&TEXT(ROW()-9,"##")&"]","") -> [M_them_quan_huyen-1] | B10: Không nhập quận | D10: 1. Nhập thông tin: - Quận : Tên quận không được để trống 2. Bấm lưu | E10: 2. Hệ thống hiển thị thông báo lỗi: "Tên quận không được để trống" | G10: Fail | H10: 45992
A11: =IF(OR(B11<>"",E11<>""),"["&TEXT($B$2,"##")&"-"&TEXT(ROW()-9,"##")&"]","") -> [M_them_quan_huyen-2] | B11: Nhập tên quận quá 100 ký tự | D11: 1. Nhập thông tin: - Quận : lớn hơn 100 ký tự 2. Bấm lưu | E11: 2. Hệ thống hiển thị thông báo lỗi: "Tên quận quá dài.". | F11: Không lưu | G11: Fail | H11: 45992
B12: Check Business
A13: =IF(OR(B13<>"",E13<>""),"["&TEXT($B$2,"##")&"-"&TEXT(ROW()-10,"##")&"]","") -> [M_them_quan_huyen-3] | B13: Thêm quận bị trùng tên | C13: Hệ thống đã tồn tại quận “Quận 1” | D13: 1. Nhập thông tin: - Quận: Quận 1 2. Bấm lưu | E13: Tên quận đã tồn tại | G13: Pass | H13: 45992
A14: =IF(OR(B14<>"",E14<>""),"["&TEXT($B$2,"##")&"-"&TEXT(ROW()-10,"##")&"]","") -> [M_them_quan_huyen-4] | B14: Thêm quận hợp lệ | C14: Không có quận "Quận 7" | D14: 1. Nhập thông tin: - Quận: Quận 7 2. Bấm lưu | E14: 2. Hệ thống hiển thị thông báo : "Thêm quận thành công.". | F14: Bản ghi được tạo | G14: Untesed | H14: 45992

Sheet M_them_dich_vu
A2: Module Code | B2: M_them_dich_vu | J2: Pass
A3: Test requirement | B3: Kiểm thử chức năng thêm gói dịch vụ mới | J3: Fail
A4: Tester | B4: Trần Văn Nam
A5: Pass | B5: Fail | C5: Untested | D5: N/A | E5: Number of Test cases | J5: Untesed
A6: =COUNTIF(F10:G868,"Pass") -> 6 | B6: =COUNTIF(F10:G868,"Fail") -> 1 | C6: =E6-D6-B6-A6 -> 0 | D6: =COUNTIF(F$9:F$868,"N/A") -> 0 | E6: =COUNTA(A9:A868) -> 7 | J6: N/A
A8: ID | B8: Test Case Description | C8: Pre-condition | D8: Test Steps | E8: Expected Output | F8: Post-condtion | G8: Result | H8: Test date | I8: Note
B9: Check validation
A10: =IF(OR(B10<>"",E10<>""),"["&TEXT($B$2,"##")&"-"&TEXT(ROW()-9,"##")&"]","") -> [M_them_dich_vu-1] | B10: Không nhập loại bài đăng | C10: User có quyền ADMIN | D10: 1. Nhập thông tin: - Để trống "post_type" - Nhập giá: 500000 2. Click button Thêm | E10: Hiển thị: "Vui lòng nhập đầy đủ thông tin gói dịch vụ" | F10: Không có dữ liệu mới | G10: Fail | H10: 45992
A11: =IF(OR(B10<>"",E10<>""),"["&TEXT($B$2,"##")&"-"&TEXT(ROW()-9,"##")&"]","") -> [M_them_dich_vu-2] | B11: Không nhập giá | C11: User có quyền ADMIN | D11: 1. Nhập thông tin: - Nhập post_type: "VIP 1 tháng" - Để trống giá 2. Click button Thêm | E11: Hiển thị: "Vui lòng nhập đầy đủ thông tin gói dịch vụ" | F11: Không có dữ liệu mới | G11: Pass | H11: 45992
A12: =IF(OR(B12<>"",E12<>""),"["&TEXT($B$2,"##")&"-"&TEXT(ROW()-9,"##")&"]","") -> [M_them_dich_vu-3] | B12: Nhập giá âm | C12: User có quyền ADMIN | D12: 1. Nhập thông tin: - Nhập post_type: "VIP Test" - Nhập giá: -1000 2. Click button Thêm | E12: Hiển thị: "Giá phải là số hợp lệ lớn hơn hoặc bằng 0" | F12: Không có dữ liệu mới | G12: Pass | H12: 45992
B13: Check Business
A14: =IF(OR(B14<>"",E14<>""),"["&TEXT($B$2,"##")&"-"&TEXT(ROW()-10,"##")&"]","") -> [M_them_dich_vu-4] | B14: Thêm gói dịch vụ thành công | C14: 1. User có quyền ADMIN 2. Loại bài đăng chưa tồn tại | D14: 1. Nhập thông tin: - Nhập post_type: "VIP 3 tháng" - Nhập giá: 1200000 - Chọn status: "active" 2. Click button Thêm | E14: Hiển thị: "Thêm gói dịch vụ thành công" | F14: Dữ liệu được lưu vào DB | G14: Pass | H14: 45992
A15: =IF(OR(B15<>"",E15<>""),"["&TEXT($B$2,"##")&"-"&TEXT(ROW()-10,"##")&"]","") -> [M_them_dich_vu-5] | B15: Thêm gói dịch vụ trùng loại bài đăng | C15: Đã có gói "VIP 1 tháng" | D15: 1. Nhập thông tin: - Nhập post_type: "VIP 1 tháng" (trùng) - Nhập giá hợp lệ 2. Click button Login | E15: Hiển thị: "Loại bài đăng này đã tồn tại" | F15: Không có dữ liệu mới | G15: Pass | H15: 45992
A16: =IF(OR(B16<>"",E16<>""),"["&TEXT($B$2,"##")&"-"&TEXT(ROW()-10,"##")&"]","") -> [M_them_dich_vu-6] | B16: Thêm gói với status "inactive" | C16: User có quyền ADMIN | D16: 1. Nhập thông tin: - Nhập post_type: "Gói ẩn" - Nhập giá hợp lệ - Chọn status: "inactive" 2. Click button Login | E16: Thêm thành công với status="inactive" | F16: Dữ liệu được lưu vào DB | G16: Pass | H16: 45992
A17: =IF(OR(B17<>"",E17<>""),"["&TEXT($B$2,"##")&"-"&TEXT(ROW()-10,"##")&"]","") -> [M_them_dich_vu-7] | B17: Thêm gói với giá = 0 | C17: User có quyền ADMIN | D17: 1. Nhập thông tin: - Nhập post_type: "Gói miễn phí" - Nhập giá: 0 2. Click button Login | E17: Thêm thành công với giá 0 | F17: Dữ liệu được lưu vào DB | G17: Pass | H17: 45992

Sheet M_sua_dich_vu
A2: Module Code | B2: M_sua_dich_vu | J2: Pass
A3: Test requirement | B3: Kiểm thử chức năng cập nhật gói dịch vụ | J3: Fail
A4: Tester | B4: Trần Văn Nam
A5: Pass | B5: Fail | C5: Untested | D5: N/A | E5: Number of Test cases | J5: Untesed
A6: =COUNTIF(F10:G868,"Pass") -> 6 | B6: =COUNTIF(F10:G868,"Fail") -> 1 | C6: =E6-D6-B6-A6 -> 0 | D6: =COUNTIF(F$9:F$868,"N/A") -> 0 | E6: =COUNTA(A9:A868) -> 7 | J6: N/A
A8: ID | B8: Test Case Description | C8: Pre-condition | D8: Test Steps | E8: Expected Output | F8: Post-condtion | G8: Result | H8: Test date | I8: Note
B9: Check validation
A10: =IF(OR(B10<>"",E10<>""),"["&TEXT($B$2,"##")&"-"&TEXT(ROW()-9,"##")&"]","") -> [M_sua_dich_vu-1] | B10: Không nhập ID gói dịch vụ | C10: User có quyền ADMIN | D10: 1. Nhập thông tin: - Để trống ID - Nhập các thông tin khác đầy đủ 2. Click button Cập nhật | E10: Hiển thị: "Thiếu ID gói dịch vụ" | F10: Không có thay đổi | G10: Fail | H10: 45992
A11: =IF(OR(B10<>"",E10<>""),"["&TEXT($B$2,"##")&"-"&TEXT(ROW()-9,"##")&"]","") -> [M_sua_dich_vu-2] | B11: Không nhập loại bài đăng | C11: Có gói dịch vụ ID=1 | D11: 1. Nhập thông tin: - Chọn gói ID=1 - Xóa post_type 2. Click button Cập nhật | E11: Hiển thị: "Vui lòng nhập đầy đủ thông tin" | F11: Dữ liệu không thay đổi | G11: Pass | H11: 45992
A12: =IF(OR(B12<>"",E12<>""),"["&TEXT($B$2,"##")&"-"&TEXT(ROW()-9,"##")&"]","") -> [M_sua_dich_vu-3] | B12: Cập nhật giá không hợp lệ | C12: Có gói dịch vụ ID=1 | D12: 1. Nhập thông tin: - Chọn gói ID=1 - Sửa giá thành "abc" 2. Click button Cập nhật | E12: Hiển thị: "Giá phải là số hợp lệ" | F12: Dữ liệu không thay đổi | G12: Pass | H12: 45992
B13: Check Business
A14: =IF(OR(B14<>"",E14<>""),"["&TEXT($B$2,"##")&"-"&TEXT(ROW()-10,"##")&"]","") -> [M_sua_dich_vu-4] | B14: Cập nhật gói dịch vụ thành công | C14: Có gói dịch vụ ID=1 | D14: 1. Nhập thông tin: - Chọn gói ID=1 - Sửa post_type thành "VIP Pro" - Sửa giá thành 1500000 2. Click button Cập nhật | E14: Hiển thị: "Cập nhật gói dịch vụ thành công" | F14: Dữ liệu được cập nhật | G14: Pass | H14: 45992
A15: =IF(OR(B15<>"",E15<>""),"["&TEXT($B$2,"##")&"-"&TEXT(ROW()-10,"##")&"]","") -> [M_sua_dich_vu-5] | B15: Cập nhật trùng loại bài đăng khác | C15: Có 2 gói dịch vụ A(ID=1) và B(ID=2) | D15: 1. Nhập thông tin: - Chọn gói A (ID=1) - Sửa post_type trùng với gói B 2. Click button Cập nhật | E15: Hiển thị: "Loại bài đăng này đã tồn tại" | F15: Dữ liệu không thay đổi | G15: Pass | H15: 45992
A16: =IF(OR(B16<>"",E16<>""),"["&TEXT($B$2,"##")&"-"&TEXT(ROW()-10,"##")&"]","") -> [M_sua_dich_vu-6] | B16: Cập nhật gói không tồn tại | C16: User có quyền ADMIN | D16: 1. Nhập thông tin: - Nhập ID=9999 (không tồn tại) - Nhập thông tin hợp lệ 2. Click button Cập nhật | E16: Hiển thị: "Không tìm thấy gói dịch vụ" | F16: Không có thay đổi | G16: Pass | H16: 45992
A17: =IF(OR(B17<>"",E17<>""),"["&TEXT($B$2,"##")&"-"&TEXT(ROW()-10,"##")&"]","") -> [M_sua_dich_vu-7] | B17: Cập nhật status thành "inactive" | C17: Có gói dịch vụ đang "active" | D17: 1. Nhập thông tin: - Chọn gói đang active - Đổi status thành "inactive" 2. Click button Cập nhật | E17: Cập nhật thành công với status="inactive" | F17: Dữ liệu được cập nhật | G17: Pass | H17: 45992

Sheet M_cap_nhat_thong_tin
A2: Module Code | B2: M_cap_nhat_thong_tin | J2: Pass
A3: Test requirement | B3: <Brief description about requirements which are tested in this sheet> | J3: Fail
A4: Tester
A5: Pass | B5: Fail | C5: Untested | D5: N/A | E5: Number of Test cases | J5: Untesed
A6: =COUNTIF(F10:G868,"Pass") -> 6 | B6: =COUNTIF(F10:G868,"Fail") -> 1 | C6: =E6-D6-B6-A6 -> 0 | D6: =COUNTIF(F$9:F$868,"N/A") -> 0 | E6: =COUNTA(A9:A868) -> 7 | J6: N/A
A8: ID | B8: Test Case Description | C8: Pre-condition | D8: Test Steps | E8: Expected Output | F8: Post-condtion | G8: Result | H8: Test date | I8: Note
B9: Check validation
A10: [M_cap_nhat_thong_tin-1] | B10: Không nhập fullname | C10: User đã đăng nhập | D10: 1. Để fullname trống 2. Nhập email hợp lệ 3. Nhập phone hợp lệ 4. Click "Lưu" | E10: Hiển thị lỗi: "Vui lòng nhập đầy đủ thông tin!" | F10: Không cập nhật | G10: Fail | H10: 45992
A11: [M_cap_nhat_thong_tin-2] | B11: Không nhập email | C11: User đã đăng nhập | D11: 1. Nhập thông tin: - Email: bỏ trống - Password: Nhập giá trị hợp lệ 2. Click button Login | E11: Hiển thị lỗi: "Vui lòng nhập đầy đủ thông tin!" | F11: Không cập nhật | G11: Pass | H11: 45992
A12: =IF(OR(B12<>"",E12<>""),"["&TEXT($B$2,"##")&"-"&TEXT(ROW()-9,"##")&"]","") -> [M_cap_nhat_thong_tin-3] | B12: Không nhập mật khẩu | C12: User đã đăng nhập | D12: 1. Nhập thông tin: - Email: anh@gmail.com - Password: bỏ trống 2. Click button Login | E12: Hiển thị lỗi: "Vui lòng nhập đầy đủ thông tin!" | F12: Không cập nhật | G12: Pass | H12: 45992
B13: Check Business
A14: =IF(OR(B14<>"",E14<>""),"["&TEXT($B$2,"##")&"-"&TEXT(ROW()-10,"##")&"]","") -> [M_cap_nhat_thong_tin-4] | B14: Email sai định dạng | C14: User đã đăng nhập | D14: 1. Nhập fullname 2. Nhập email: abc@@gmail..com 3. Nhập phone hợp lệ 4. Click "Lưu" | E14: Hiển thị lỗi: "Email không hợp lệ!" | F14: Không cập nhật | G14: Pass | H14: 45992
A15: =IF(OR(B15<>"",E15<>""),"["&TEXT($B$2,"##")&"-"&TEXT(ROW()-10,"##")&"]","") -> [M_cap_nhat_thong_tin-5] | B15: Số điện thoại không hợp lệ (chữ cái) | C15: User đã đăng nhập | D15: 1. Nhập fullname 2. Nhập email hợp lệ 3. Nhập phone: 123ABC456 4. Click "Lưu" | E15: Hiển thị lỗi: "Số điện thoại không hợp lệ!" | F15: Không cập nhật | G15: Pass | H15: 45992
A16: =IF(OR(B16<>"",E16<>""),"["&TEXT($B$2,"##")&"-"&TEXT(ROW()-10,"##")&"]","") -> [M_cap_nhat_thong_tin-6] | B16: Số điện thoại ít hơn 9 số | C16: User đã đăng nhập | D16: Nhập phone: 1234567 | E16: Hiển thị lỗi: "Số điện thoại không hợp lệ!" | F16: Không cập nhật | G16: Pass | H16: 45992
A17: =IF(OR(B17<>"",E17<>""),"["&TEXT($B$2,"##")&"-"&TEXT(ROW()-10,"##")&"]","") -> [M_cap_nhat_thong_tin-7] | B17: Số điện thoại nhiều hơn 11 số | C17: User đã đăng nhập | D17: Nhập phone: 012345678901 | E17: Hiển thị lỗi: "Số điện thoại không hợp lệ!" | F17: Không cập nhật | G17: Pass | H17: 45992

Sheet M_them_danh_muc
A2: Module Code | B2: M_them_danh_muc | J2: Pass
A3: Test requirement | B3: Kiểm thử chức năng thêm danh mục mới | J3: Fail
A4: Tester | B4: Nguyễn Văn Duy
A5: Pass | B5: Fail | C5: Untested | D5: N/A | E5: Number of Test cases | J5: Untesed
A6: =COUNTIF(F10:G867,"Pass") -> 2 | B6: =COUNTIF(F10:G867,"Fail") -> 3 | C6: =E6-D6-B6-A6 -> 1 | D6: =COUNTIF(F$9:F$867,"N/A") -> 0 | E6: =COUNTA(A9:A867) -> 6 | J6: N/A
A8: ID | B8: Test Case Description | C8: Pre-condition | D8: Test Steps | E8: Expected Output | F8: Post-condtion | G8: Result | H8: Test date | I8: Note
B9: Check validation
A10: =IF(OR(B10<>"",E10<>""),"["&TEXT($B$2,"##")&"-"&TEXT(ROW()-9,"##")&"]","") -> [M_them_danh_muc-1] | B10: không nhập tên danh mục | C10: form thêm danh mục mở sẵn | D10: 1. Nhập thông tin: - title: bỏ trống - Status: Nhập giá trị hợp lệ 2. Click button Thêm danh mục | E10: 2. Hệ thống hiển thị thông báo lỗi: "Vui lòng nhập tên danh mục" | G10: Fail | H10: 45992
B11: Check Business
A12: =IF(OR(B10<>"",E10<>""),"["&TEXT($B$2,"##")&"-"&TEXT(ROW()-9,"##")&"]","") -> [M_them_danh_muc-3] | B12: Nhập tên danh mục đã tồn tại | C12: trong DB đã có danh mục | D12: 1. Nhập thông tin: - title:trùng với db - Status:trùng với db 2. Click button Thêm danh mục | E12: 2. Hệ thống hiển thị thông báo lỗi: "Danh mục này đã tồn tại trong hệ thống.". | G12: Fail | H12: 45992
A13: =IF(OR(B10<>"",E10<>""),"["&TEXT($B$2,"##")&"-"&TEXT(ROW()-9,"##")&"]","") -> [M_them_danh_muc-4] | B13: Them danh mục hợp lệ | C13: Danh mục chưa tồn tại trong hệ thống | D13: 1. Nhập thông tin: - title:tên mới - Status:nội dung mới 2. Click button Thêm danh mục | E13: 2. Hệ thống hiển thị thông báo lỗi: " Thêm danh mục thành công .". | G13: Pass | H13: 45992
A14: =IF(OR(B10<>"",E10<>""),"["&TEXT($B$2,"##")&"-"&TEXT(ROW()-9,"##")&"]","") -> [M_them_danh_muc-5] | B14: Lỗi hệ thống khi insert thất bại | C14: Giả lập lỗi DB | D14: 1. Nhập thông tin: - title:tên mới - Status:nội dung mới 2. Click button Thêm danh mục | E14: 2. Hệ thống hiển thị thông báo lỗi: " Thêm danh mục thất bại.". | F14: Không có dữ liệu mới | G14: Untesed | H14: 45992
A15: =IF(OR(B10<>"",E10<>""),"["&TEXT($B$2,"##")&"-"&TEXT(ROW()-9,"##")&"]","") -> [M_them_danh_muc-6] | B15: Nhập Status nhưng bỏ trống title | C15: bỏ trống trường "title" | D15: 1. Nhập thông tin: - title:bỏ trống - Status:nội dung mới 2. Click button Thêm danh mục | E15: 2. Hệ thống hiển thị thông báo lỗi: "Vui lòng nhập tên Danh mục .". | F15: Không có dữ liệu mới | G15: Fail | H15: 45992
A16: =IF(OR(B10<>"",E10<>""),"["&TEXT($B$2,"##")&"-"&TEXT(ROW()-9,"##")&"]","") -> [M_them_danh_muc-7] | B16: Nhập title có kí tự đặc biệt | C16: nhập kí tự đặc biệt | D16: 1. Nhập thông tin: - title:nội dung kèm kí tự đặc biệt - Status:nội dung mới 2. Click button Thêm danh mục | E16: → Hệ thống tạo slug chuẩn hóa 2. Hệ thống hiển thị thông báo lỗi: "thêm danh mục thành công.". | G16: Pass | H16: 45992

Sheet M_sua_danh_muc
A2: Module Code | B2: M_sua_danh_muc | J2: Pass
A3: Test requirement | B3: Kiểm thử chức năng cập nhật danh mục | J3: Fail
A4: Tester | B4: Nguyễn Văn Duy
A5: Pass | B5: Fail | C5: Untested | D5: N/A | E5: Number of Test cases | J5: Untesed
A6: =COUNTIF(F10:G868,"Pass") -> 5 | B6: =COUNTIF(F10:G868,"Fail") -> 1 | C6: =E6-D6-B6-A6 -> 1 | D6: =COUNTIF(F$9:F$868,"N/A") -> 0 | E6: =COUNTA(A9:A868) -> 7 | J6: N/A
A8: ID | B8: Test Case Description | C8: Pre-condition | D8: Test Steps | E8: Expected Output | F8: Post-condtion | G8: Result | H8: Test date | I8: Note
B9: Check validation
A10: =IF(OR(B10<>"",E10<>""),"["&TEXT($B$2,"##")&"-"&TEXT(ROW()-9,"##")&"]","") -> [M_sua_danh_muc-1] | B10: thiếu ID danh mục | C10: gửi request ko có id | D10: 1. Nhập thông tin: - id = "" -title = "Dịch vụ" -status = "Hiển thị" 2. Click button sửa cập nhật | E10: 2. Hệ thống hiển thị thông báo lỗi: "Thiếu ID danh mục" | G10: Pass | H10: 45992
A11: =IF(OR(B10<>"",E10<>""),"["&TEXT($B$2,"##")&"-"&TEXT(ROW()-9,"##")&"]","") -> [M_sua_danh_muc-2] | B11: ID không hợp lệ | C11: ID=0 | D11: 1. Nhập thông tin: - id = "0" -title = "ABC" -status = "Hiển thị" 2. Click button sửa cập nhật | E11: 2. Hệ thống hiển thị thông báo lỗi: "Thiếu ID danh mục" | G11: Fail | H11: 45992
A12: =IF(OR(B10<>"",E10<>""),"["&TEXT($B$2,"##")&"-"&TEXT(ROW()-9,"##")&"]","") -> [M_sua_danh_muc-3] | B12: Không nhập tên danh mục | C12: ID tồn tại | D12: 1. Nhập thông tin: - id = "10" -title = bỏ trống -status = "Hiển thị" 2. Click button cập nhật | E12: 2. Hệ thống hiển thị thông báo lỗi: "Tên Danh mục không được để trống" | G12: Pass | H12: 45992
A13: =IF(OR(B13<>"",E13<>""),"["&TEXT($B$2,"##")&"-"&TEXT(ROW()-9,"##")&"]","") -> [M_sua_danh_muc-4] | B13: Danh mục không tồn tại theo ID | C13: ID =999 không có trong DB | D13: 1. Nhập thông tin: - id = "999" -title = ''ABC'' -status = "Hiển thị" 2. Click button sửa cập nhật | E13: 2. Hệ thống hiển thị thông báo lỗi: "Danh mục không tồn tại .". | G13: Pass | H13: 45992
B14: Check Business
A15: =IF(OR(B15<>"",E15<>""),"["&TEXT($B$2,"##")&"-"&TEXT(ROW()-10,"##")&"]","") -> [M_sua_danh_muc-5] | B15: Trùng tên với danh mục khác | C15: DB có : Danh mục A ID=1 , title=ABC;Danh mục B ID=2 | D15: 1. Nhập thông tin: - id = "2" -title = ''ABC'' -status = "Hiển thị" 2. Click button sửa cập nhật | E15: 2. Hệ thống hiển thị thông báo lỗi: "Tên Danh mục hoặc slug đã tồn tại.". | G15: Pass | H15: 45992
A16: =IF(OR(B16<>"",E16<>""),"["&TEXT($B$2,"##")&"-"&TEXT(ROW()-10,"##")&"]","") -> [M_sua_danh_muc-6] | B16: Sửa hợp lệ | C16: Có ID=5 | D16: 1. Nhập thông tin: - id = "5" -title = ''ABC'' -status = "Hiển thị" 2. Click button sửa cập nhật | E16: 2. Hệ thống hiển thị thông báo lỗi: "Cập nhật danh mục thành công.". | G16: Pass | H16: 45992
A17: =IF(OR(B17<>"",E17<>""),"["&TEXT($B$2,"##")&"-"&TEXT(ROW()-10,"##")&"]","") -> [M_sua_danh_muc-7] | B17: Lỗi hệ thống khi update thất bại | C17: lỗi DB/transaction | D17: 1. Nhập thông tin: - id = "5" -title = ''ABC'' -mô phỏng lỗi DB 2. Click button cập nhật | E17: 2. Hệ thống hiển thị thông báo lỗi: "Cập nhật thất bại .". | G17: Untesed | H17: 45992

Sheet Test Report
B1: TEST REPORT
B3: Project Name | C3: =Cover!C4 -> Kiểm thử website quản lý thuê nhà trọ | E3: Creator
B4: Project Code | C4: =Cover!C5 -> Nhóm 14 | E4: Reviewer/Approver
B5: Document Code | C5: =C4&"_"&"Test Report"&"_"&"vx.x" -> Nhóm 14_Test Report_vx.x | E5: Issue Date | G5: 45992 | H5: <Date when this test report is created>
B6: Notes | C6: <List modules included in this release> ex: Release 1 includes 2 modules: Module1 and Module2
B10: No | C10: Module code | D10: Pass | E10: Fail | F10: Untested | G10: N/A | H10: Number of test cases
B11: 1 | C11: M_dang_nhap | D11: =M_dang_nhap!A6 -> 6 | E11: =M_dang_nhap!B6 -> 1 | F11: =M_dang_nhap!C6 -> 0 | G11: =M_dang_nhap!D6 -> 0 | H11: =M_dang_nhap!E6 -> 7
B12: 2 | C12: M_dang_ky | D12: =M_dang_ky!A6 -> 5 | E12: =M_dang_ky!B6 -> 0 | F12: =M_dang_ky!C6 -> 0 | G12: =M_dang_ky!D6 -> 0 | H12: =M_dang_ky!E6 -> 5
B13: 3 | C13: M_them_thanh_pho | D13: =M_them_thanh_pho!A6 -> 5 | E13: =M_them_thanh_pho!B6 -> 0 | F13: =M_them_thanh_pho!C6 -> 0 | G13: =M_them_thanh_pho!D6 -> 0 | H13: =M_them_thanh_pho!E6 -> 5
B14: 4 | C14: M_them_quan_huyen | D14: =M_them_quan_huyen!A6 -> 1 | E14: =M_them_quan_huyen!B6 -> 2 | F14: =M_them_quan_huyen!C6 -> 1 | G14: =M_them_quan_huyen!D6 -> 0 | H14: =M_them_quan_huyen!E6 -> 4
B15: 5 | C15: M_them_dich_vu | D15: =M_them_dich_vu!A6 -> 6 | E15: =M_them_dich_vu!B6 -> 1 | F15: =M_them_dich_vu!C6 -> 0 | G15: =M_them_dich_vu!D6 -> 0 | H15: =M_them_dich_vu!E6 -> 7
B16: 6 | C16: M_sua_dich_vu | D16: =M_sua_dich_vu!A6 -> 6 | E16: =M_sua_dich_vu!B6 -> 1 | F16: =M_sua_dich_vu!C6 -> 0 | G16: =M_sua_dich_vu!D6 -> 0 | H16: =M_sua_dich_vu!E6 -> 7
B17: 7 | C17: M_cap_nhat_thong_tin | D17: =M_cap_nhat_thong_tin!A6 -> 6 | E17: =M_cap_nhat_thong_tin!B6 -> 1 | F17: =M_cap_nhat_thong_tin!C6 -> 0 | G17: =M_cap_nhat_thong_tin!D6 -> 0 | H17: =M_cap_nhat_thong_tin!E6 -> 7
B18: 8 | C18: M_them_danh_muc | D18: =M_them_danh_muc!A6 -> 2 | E18: =M_them_danh_muc!B6 -> 3 | F18: =M_them_danh_muc!C6 -> 1 | G18: =M_them_danh_muc!D6 -> 0 | H18: =M_them_danh_muc!E6 -> 6
B19: 9 | C19: M_sua_danh_muc | D19: =M_sua_danh_muc!A6 -> 5 | E19: =M_sua_danh_muc!B6 -> 1 | F19: =M_sua_danh_muc!C6 -> 1 | G19: =M_sua_danh_muc!D6 -> 0 | H19: =M_sua_danh_muc!E6 -> 7
B20: 10 | C20: M_them_tin | D20: =M_them_tin!A6 -> 7 | E20: =M_them_tin!B6 -> 0 | F20: =M_them_tin!C6 -> 0 | G20: =M_them_tin!D6 -> 0 | H20: =M_them_tin!E6 -> 7
C21: Sub total | D21: =SUM(D9:D20) -> 49 | E21: =SUM(E9:E20) -> 10 | F21: =SUM(F9:F20) -> 3 | G21: =SUM(G9:G20) -> 0 | H21: =SUM(H9:H20) -> 62
C23: Test coverage | E23: =(D21+E21)*100/(H21-G21) -> 95.16129 | F23: %
C24: Test successful coverage | E24: =D21*100/(H21-G21) -> 79.032258 | F24: %

Sheet Requrirement
A2: 1. | B2: Wireframe màn hình Login
A21: 2. | B21: Mô tả
B22: Màn hình thực hiện chức năng đăng nhập hệ thống
B24: Tên trường | C24: Kiểu dữ liệu | D24: Độ dài | E24: Bắt buộc | F24: Định dạng
B25: Tên đăng nhập | C25: String | E25: y | F25: Địa chỉ Email
B26: Mật khẩu | C26: String | E26: y
A28: 3. | B28: Ràng buộc
B29: 1. | C29: Nếu người dùng nhập sai tên đăng nhập hoặc mật khẩu thì hệ thống báo lỗi: "Sai tên đăng nhập hoặc mật khẩu."
B30: 2. | C30: Nếu người dùng bỏ trống email thì hệ thống báo lỗi: "Email không được để trống"
B31: 3. | C31: Nếu người dùng bỏ trống password thì hệ thống báo lỗi: "Mật khẩu đăng nhập không được để trống"
